-- phpMyAdmin SQL Dump
-- version 5.2.0
-- https://www.phpmyadmin.net/
--
-- Máy chủ: 127.0.0.1
-- Thời gian đã tạo: Th5 21, 2024 lúc 05:41 PM
-- Phiên bản máy phục vụ: 10.4.27-MariaDB
-- Phiên bản PHP: 8.2.0

SET SQL_MODE = "NO_AUTO_VALUE_ON_ZERO";
START TRANSACTION;
SET time_zone = "+00:00";


/*!40101 SET @OLD_CHARACTER_SET_CLIENT=@@CHARACTER_SET_CLIENT */;
/*!40101 SET @OLD_CHARACTER_SET_RESULTS=@@CHARACTER_SET_RESULTS */;
/*!40101 SET @OLD_COLLATION_CONNECTION=@@COLLATION_CONNECTION */;
/*!40101 SET NAMES utf8mb4 */;

--
-- Cơ sở dữ liệu: `webreviewsp`
--

-- --------------------------------------------------------

--
-- Cấu trúc bảng cho bảng `category`
--

CREATE TABLE `category` (
  `id` int(11) NOT NULL,
  `name` varchar(50) NOT NULL,
  `created_at` datetime NOT NULL
) ENGINE=InnoDB DEFAULT CHARSET=utf8mb4 COLLATE=utf8mb4_general_ci;

--
-- Đang đổ dữ liệu cho bảng `category`
--

INSERT INTO `category` (`id`, `name`, `created_at`) VALUES
(1, 'Công nghệ', '2024-05-14 16:56:41'),
(2, 'Làm đẹp', '2024-05-14 16:56:41'),
(3, 'Thể thao', '2024-05-14 16:56:41'),
(4, 'Đời sống', '2024-05-14 16:56:41'),
(5, 'Gia dụng', '2024-05-14 16:56:41');

-- --------------------------------------------------------

--
-- Cấu trúc bảng cho bảng `comment`
--

CREATE TABLE `comment` (
  `id` int(11) NOT NULL,
  `id_bai_review` int(11) NOT NULL,
  `fullname` varchar(50) NOT NULL,
  `email` varchar(50) NOT NULL,
  `content` varchar(255) NOT NULL,
  `created_at` datetime DEFAULT NULL
) ENGINE=InnoDB DEFAULT CHARSET=utf8mb4 COLLATE=utf8mb4_general_ci;

--
-- Đang đổ dữ liệu cho bảng `comment`
--

INSERT INTO `comment` (`id`, `id_bai_review`, `fullname`, `email`, `content`, `created_at`) VALUES
(1, 1, 'Trần Thị Thương', 'thuong2811@gmail.com', 'Tôi đã dùng và cảm thấy giống như bạn.', '2024-05-20 00:00:00'),
(2, 1, 'Trần Thị Cẩm Ly', 'camly810@gmail.com', 'Máy ảnh này chụp ảnh cũng khá đẹp. Mọi người nên mua nha.', '2024-05-20 00:00:00'),
(3, 2, 'Nguyễn Trọng Nam', 'namnguyen1110@gmail.com', 'AirPods Pro mãi đỉnh ', '2024-05-22 10:34:15'),
(4, 2, 'Trần Thanh Nhàn', 'thanhnhan712@gmail.com', 'Nên mua cái này nha mọi người', '2024-05-16 10:34:22'),
(5, 3, 'Nguyễn Thị Thu Phương', 'phuongthu11@gmail.com', 'App Watch Series 6 siêu đỉnh', '2024-05-21 10:44:12'),
(6, 3, 'Nguyễn Thị Trang', 'nguyentrang2312@gmail.com', 'Mua lẹ đi mọi người', '2024-05-19 10:44:20'),
(7, 4, 'Nguyễn Thị Trúc Quỳnh', 'trucquynh1212@gmail.com', 'Tôi đã mua cho con tôi mỗi đứa một cái.', '2024-05-08 10:44:28'),
(8, 4, 'Bùi Diệu Anh', 'dieuanh55@gmail.com', 'Cái này giúp quản lý con tiện lợi và hữu ích lắm các phụ huynh ạ', NULL),
(9, 5, 'Nguyễn Anh Thư', 'anhthu1110@gmail.com', 'Tôi không thích hãng này cho lắm', NULL),
(10, 5, 'Nguyễn Phương Ngân', 'phuongngan7855@gmail.com', 'Dùng cũng được', NULL),
(11, 6, 'Nguyễn Văn Hiếu', 'vanhieu3107@gmail.com', 'Chơi game dùng cái này bao thích', NULL),
(12, 6, 'Nguyễn Khắc Anh Đức', 'khacduc2222@gmail.com', 'Mua đi ae', NULL),
(13, 7, 'Nguyễn Thị Linh', 'nguyenlinh1402@gmail.com', 'Tôi dùng hết 5 lọ rồi. Tôi rất thích loại này', NULL),
(14, 7, 'Nguyễn Lan Chi', 'lanchi8656@gmail.com', 'Da tôi nhạy cảm nên không hợp loại này lắm', NULL),
(15, 8, 'Nguyễn Thị Thu Hằng', 'thuhang0406@gmail.com', 'Giá cả hơi đắt', NULL),
(16, 8, 'Nguyễn Văn Mạnh', 'vanmanh999@gmail.com', 'Dùng được khá bền', NULL),
(17, 1, 'Lê Thảo Nhi', 'thaonhi111@gmail.com', 'Máy này dùng tốt nha, chất lượng tuyệt vời', '2024-05-20 10:45:17'),
(18, 9, 'Nguyễn Thu Hiền', 'thuhien3556@gmail.com', '5 sao luôn', NULL),
(19, 10, 'Bùi Tiến Vĩnh', 'tienvinh1234@gmail.com', 'Tôi dùng cái này hay bị hỏng', NULL),
(20, 10, 'Hoàng Thị Quỳnh', 'hoangquynh6869@gmail.com', 'Máy này dùng không thích lắm', NULL),
(21, 1, 'Đặng Kiều Oanh', 'kieuoanhchtq136@gmail.com', 'Mình dùng máy này 5 năm rồi vẫn chụp đẹp lắm', '2024-05-19 06:42:02'),
(25, 2, 'Trần Ngọc Lan', 'lan@gmail.com', 'Mua lần đầu dùng thử thấy oke nên mua thêm 2 cái cho mẹ với em dùng :v', '2024-05-19 06:28:12');

-- --------------------------------------------------------

--
-- Cấu trúc bảng cho bảng `review`
--

CREATE TABLE `review` (
  `id` int(11) NOT NULL,
  `category_id` int(11) NOT NULL,
  `user_id` int(11) NOT NULL,
  `title` varchar(80) NOT NULL,
  `content` mediumtext NOT NULL,
  `image` text NOT NULL,
  `created_at` datetime NOT NULL
) ENGINE=InnoDB DEFAULT CHARSET=utf8mb4 COLLATE=utf8mb4_general_ci;

--
-- Đang đổ dữ liệu cho bảng `review`
--

INSERT INTO `review` (`id`, `category_id`, `user_id`, `title`, `content`, `image`, `created_at`) VALUES
(1, 1, 2, '[Review] Máy in ảnh mini Canon PV 123 có tốt không? Giá bao nhiêu?', '<strong>1. Tìm hiểu nguồn gốc xuất xứ máy in ảnh mini Canon PV 123</strong> <br>\r\nLà thiết bị của Canon, một công ty công nghệ nổi tiếng của Nhật Bản, máy in ảnh mini Canon nhanh chóng được đón nhận với niềm tin về chất lượng cao và giá thành rẻ. Không để người dùng thất vọng, chiếc máy in ảnh tiện dụng này đã thực hiện rất tốt lời hứa của công ty đồng thời mang đến cho người dùng trải nghiệm thú vị và độc đáo. Vì vậy, dù mới ra mắt không lâu nhưng nó đã nhanh chóng lọt vào danh sách những chiếc máy in ảnh bỏ túi giá rẻ được yêu thích tại các cửa hàng điện tử và công nghệ. <br>\r\n<strong>2. Máy in ảnh mini Canon PV 123 có tốt không?</strong><br>\r\nNgay từ khi ra mắt vào cuối năm 2021, máy in mini Canon pv 123 đã chiếm được sự quan tâm của các tín đồ công nghệ và nhận được nhiều đánh giá rất tích cực. Dưới đây là thông tin chi tiết về mẫu mã, công nghệ và trải nghiệm thực tế giúp bạn hiểu rõ hơn về thiết bị. <br>\r\n<strong>2.1. Thông số kỹ thuật</strong><br>\r\nNhìn từ bên ngoài máy có thể thấy thiết kế sản phẩm toát lên vẻ tươi sáng, năng động phù hợp với thế hệ trẻ. Vỏ máy in ảnh Canon PV-123 Mini được làm bằng nhựa và có hai màu khác nhau, mặt trên là màu trắng và mặt còn lại có nhiều màu sắc khác nhau bao gồm vàng hồng, xanh bạc hà và xám phiến.<br>\r\nKích thước chiều dài – rộng – cao của máy lần lượt là 118,31 – 82,36 – 18,7 mm, trọng lượng 160g nên rất nhỏ gọn. Nhỏ hơn điện thoại thông minh phổ biến hiện nay, nó có thể được mang theo trong túi, đặc biệt là khi đi du lịch.<br>\r\nNgoài ra, máy chỉ có một nút nguồn là phím bấm vật lý với đèn LED báo bên cạnh. Mặt bên có logo, đèn LED báo sạc, khe cắm cáp và cổng microUSB. Mặt còn lại là khe cho hình ảnh đầu ra khi in.<br>\r\n<strong>2.2. Tính năng nổi trội của máy in ảnh Canon PV-123</strong><br>\r\nCanon đã tạo ra một thiết bị tiện lợi có khả năng kết nối với điện thoại thông minh qua Bluetooth. Không cần dây cầu kỳ hay các thao tác tẻ nhạt, tất cả những gì bạn cần làm là tải xuống ứng dụng Canon Mini Print có sẵn trên AppStore hoặc Google Play. Sau đó kết nối với máy in và in ảnh trực tiếp trong vài giây.\r\nGiao diện ứng dụng Canon Mini Print cũng rất đơn giản và dễ hiểu. Thậm chí không cần đọc bất kỳ hướng dẫn nào, bạn có thể in ảnh trực tiếp từ điện thoại của mình ngay lập tức. Canon Mini Print cũng có thể kết nối với ảnh của bạn được lưu trữ trong kho lưu trữ đám mây hoặc trên các nền tảng mạng xã hội như Facebook, Instagram hay Zalo.<br>\r\nMáy ảnh này cũng cho phép người dùng thỏa sức sáng tạo bằng cách căn chỉnh thủ công và thêm khung, biểu tượng cảm xúc hoặc văn bản trước khi in. Khi bạn đã sử dụng khả năng sáng tạo của mình, bạn có thể in những bức ảnh yêu thích của mình ngay lập tức mà không cần đến cửa hàng.<br>\r\nNgoài ra, máy in ảnh Canon PV-123 tích hợp nhiều chức năng như thay đổi khuôn mặt thông qua thực tế tăng cường hoặc sử dụng chế độ vẽ nghệ thuật tùy chọn trước khi in.<br>\r\nMáy in ảnh Canon PV-123 sử dụng loại giấy bóng 2 x 3 inch chống ố và chống xước, mặt sau của giấy có lớp keo bạn có thể tách ra và dán một cách dễ dàngvào máy tính xách tay, bàn làm việc, sách …<br>\r\n<strong>3. Đánh giá ưu nhược điểm của Máy in ảnh mini Canon pv 12</strong><br>\r\nƯu điểm <br>\r\nGiấy ảnh đi kèm với máy in ảnh Canon PV-123 là giấy ảnh ZinK, đây là loại giấy đặc biệt, chống ố và không dễ rách. Không chỉ riêng giấy in tốt, thông qua công nghệ độc quyền, chi tiết màu sắc hiển thị rất sống động và y nguyên bản gốc file ảnh, bên cạnh đó giá thành lại rẻ phù hợp với mọi lứa tuổi.<br>\r\nNgoài ra, với khả năng kết nối trực tiếp với tài khoản Facebook, Instagram, … của mình, người dùng cũng có thể in ảnh từ nhiều nguồn khác nhau chứ không chỉ ảnh chụp bằng thiết bị. Canon Mini Print App cũng có nhiều chế độ và chức năng cho phép người dùng chỉnh sửa và ghép ảnh để tạo ra những bức hình thú vị cho người dùng. Đặc biệt với kích thước nhỏ gọn, người dùng có thể mang máy đi in ảnh bất cứ lúc nào mà không lo cồng kềnh.<br>\r\nNhược điểm <br>\r\nBên cạnh nhiều ưu điểm kể trên, máy in ảnh Canon PV123 cũng tồn tại một số nhược điểm, cụ thể: máy chỉ in được ảnh 2 × 3 inch. Giấy ảnh Canon ZINK khá đắt, hộp 20 tờ có giá 300.000 đồng, giá mỗi tấm ảnh in ra khoảng 15.000 đồng / tờ. Máy in ảnh mini Canon PV-123 không có kết nối Wifi và cổng micro USB chỉ sạc pin nên không thể kết nối với PC hoặc máy tính xách tay.<br>\r\nNhìn chung, so với nhiều dòng máy in ảnh hay máy ảnh lấy liền thì máy in ảnh mini Canon PV-123 vẫn là một lựa chọn tốt cho người dùng.<br>\r\n\r\n\r\n', 'https://pos.nvncdn.com/68fa8b-42431/ps/content/20230316_3G5sfuKgWULt.jpg', '2024-05-14 17:09:16'),
(2, 1, 2, 'Tai nghe i12 có phải là sản phẩm đáng để bạn lựa chọn hay không?', '1. Tai nghe i12 là gì? Nguồn gốc xuất xứ như nào, ra đời khi nào?\r\nTai nghe bluetooth i12 là gì? \r\nĐây là dòng tai nghe Bluetooth âm thanh nổi không dây hoàn toàn, phiên bản tai nghe mới nhất được thiết kế theo tỷ lệ 1:1 với tai nghe Airpods của thương hiệu Apple. Tuy nhiên, giá của sản phẩm này lại rẻ hơn rất nhiều so với Airpods nên rất phù hợp với đại đa số người dùng.\r\nNguồn gốc xuất xứ, ra đời\r\nTai nghe Bluetooth i12 là sản phẩm thuộc thương hiệu TWS của Trung Quốc. Thương hiệu cho ra đời các dòng tai nghe không dây gần như giống hoàn toàn Airpods của Apple cả về hình thức bên ngoài lẫn chức năng của sản phẩm.\r\nSản phẩm được ra đời ngay sau khi Apple cho ra đời dòng tai nghe không dây Airpods thời thượng. Với nhu cầu rất cao của người tiêu dùng nhưng giá của Airpods lại cao ngất ngưởng. Nên để đáp ứng được lượng khách hàng đông đảo của mình hãng đã cho ra đời i12 không khác gì Airpods khi chỉ nhìn hình thức bên ngoài.\r\n2. Đánh giá tai nghe i12 tốt không? Nên mua không?\r\nThiết kế tai nghe Bluetooth i12\r\nĐầu tiên là thiết kế hộp case bảo vệ của tai nghe. Từ cái nhìn ban đầu đã thấy hộp case giống với của Airpods. Trên thân hộp của i12 TWS có 1 tín hiệu đèn cho bạn biết được khi sạc pin thì đèn sẽ chớp nháy, còn khi đã đầy pin thì đèn sẽ sáng lên màu đỏ mà không chớp nháy. I12 sử dụng phương thức sạc khác với việc dùng chấu hít như của Airpods nên chất lượng cũng như khả năng chống thấm nước là không bằng. Thiết kế của tai nghe i12 có tỷ lệ 1:1 với tai nghe Airpods của Apple. Nghĩa là hình thức bên ngoài giống hoàn toàn. Nhưng giá sản phẩm chỉ bằng 1/10 của Airpods, chính vì vậy mà người tiêu dùng sử dụng i12 rất nhiều. Đây là lý do nói nổi tiếng không kém gì Airpods.Tai nghe được thiết kế cảm ứng chạm giúp hiệu chỉnh và lệnh thực hiện mọi yêu cầu từ đàm thoại cho đến nghe nhạc không thua kém gì sản phẩm cao cấp.\r\nĐánh giá tai nghe bluetooth i12 về chất âm\r\nVề âm thanh thì I12 được đánh giá mang đến chất lượng âm khá ổn. m bass rất ổn còn âm treble tương đối kém. Chất lượng cuộc đàm thoại đã được cải thiện hơn rất nhiều so với phiên bản cũ tai nghe i11. Hai bên tai nghe có khả năng tự kết nối đồng bộ với nhau rất chuẩn.Tai nghe không dây I12 TWS có hiệu suất hoạt động khá tốt, không khác biệt quá nhiều so với AirPods cao cấp. Sản phẩm này cũng chạy trên chipset Rayool 5.0 có cảm biến cảm ứng rất nhạy để đến gần nhất có thể với phản hồi cảm ứng mà hiện nay Airpods cũng đang sở hữu. Nhờ khả năng này đã giúp tai nghe không dây i12 tăng phạm vi hoạt động của Bluetooth và cải thiện hiệu suất pin.\r\nThời lượng pin tai nghe bluetooth i12 tws\r\nHơn hẳn tai nghe i11 phiên bản tai nghe không dây i12 được nâng cấp với dung lượng pin lên 2.5h cho 1 lần sử dụng khi được sạc pin đầy. Nếu bạn dùng thêm một hộp sạc nữa thì sẽ được gấp đôi dung lượng. Vì vậy không lo trong những chuyến đi xa hay buổi học trực tuyến kéo dài.\r\nĐánh giá khả năng kết nối tai nghe i12 với thiết bị\r\nI12 có khả năng kết nối đa dạng lại rất đơn giản. Chỉ cần lấy tai nghe ra hỏi case bảo vệ là nó sẽ tự dò tìm và kết nối với thiết bị. Hơn nữa bạn sẽ không cần thao tác kết nối lại kết đã từng kết nối với i12 dù chỉ một lần. Lần sau khi lấy ra tai nghe sẽ tự động kết nối và sử dụng được ngay.\r\nSản phẩm có khả năng kết nối với mọi hệ điều hành từ Android đến IOS miễn là thiết bị cần số nối có hỗ trợ bluetooth.\r\nĐánh giá về giá thành\r\nGiá thành chỉ bằng 1/10 tai nghe AirPods chính hãng của Apple những thiết kế lại giống hệt với chức năng được điều khiển bằng cảm ứng hiện đại. Thực sự đây là một mức giá rất mềm cho một sản phẩm tai nghe không dây thời thượng.\r\n3. Ưu nhược điểm? Có nên mua tai nghe i12 không?\r\nƯu điểm tai phone i12\r\nThiết kế sang trọng không thua kém gì AirPods.\r\nNhỏ gọn tiện lợi có thể mang theo bất cứ nơi đâu.\r\nMàu sắc đa dạng cho bạn nhiều lựa chọn.Giá thành hợp lý.\r\nKhả năng kết nối đa dạng với mọi hệ điều hành và thiết bị có sử dụng Bluetooth.\r\nDung lượng pin khá ổn.\r\nKết nối đơn giản, nhanh và tự động.Có popup và đổi tên giống AirPods.\r\nNhược điểm tai nghe không dây i12\r\nKhông có tính năng định vị.Chất lượng âm thanh chỉ mức chấp nhận được, đặc biệt âm treble kém.\r\n', 'https://cdn.chanhtuoi.com/uploads/2021/05/tai-nghe-i12-1-1.jpg.webp', '2024-05-14 17:15:30'),
(3, 1, 2, 'Đánh giá chi tiết về Apple Watch Series 6 có nên mua không?', '1. Liệu có nên mua Apple Watch Series 6 hay không?\r\nCó lẽ có nhiều người vẫn còn băn khoăn có nên mua Apple Watch Series 6 hay không? Để giúp bạn trả lời câu hỏi này thì chúng ta hãy cùng phân tích ưu và nhược điểm của Apple Watch Series 6 nhé.\r\nĐầu tiên, Apple Watch Series 6 có giao diện và hiệu ứng hình ảnh vô cùng mượt. Bởi đồng hồ thông minh này được trang bị chip S6 và hệ điều hành watchOS 7 mới nhất của Apple.\r\nKhông chỉ vậy, Apple Watch Series 6 còn gây ấn tượng bởi tính năng chủ động theo dõi sức khỏe người dùng để phát hiện những bất thường. Nhờ đó, chiếc đồng hồ này được coi là bạn đồng hành không thể thiếu khi tập luyện thể thao. Đặc biệt, nó giúp người dùng xem số liệu tập luyện để điều chỉnh thời gian và cường độ một cách hợp lý nhất.\r\nBên cạnh đó, mặt đồng hồ Typograph mới mang đến một cái nhìn nghệ thuật hơn cho Apple Watch Series 6 nổi bật với các phông chữ lớn hiển thị thời gian một cách sáng tạo. Vì thế, nếu bạn muốn hiển thị càng nhiều thông tin càng tốt thì mặt đồng hồ GMT, Count up và Chronograph Pro mới sẽ là những lựa chọn hoàn hảo. Khi đó, chúng sẽ cung cấp nhiều thông tin hữu ích, đặc biệt là khả năng bổ sung để sử dụng các ứng dụng của bên thứ ba. Chính vì thế, Series 6 có đầy đủ các mặt đồng hồ để hiển thị phù hợp với bất kỳ nhu cầu cụ thể nào của người dùng.\r\nMột điều mà khá nhiều người quan tâm chính là mẫu Apple Watch Series 6 còn sở hữu nhiều màu sắc nhất cùng với nhiều tùy chọn mặt đồng hồ phù hợp cho mọi sở thích.\r\nCó một nhược điểm là Apple Watch Series 6 không có khả năng cảm ứng lực (Force Touch) như các thế hệ trước. Cụ thể trong một lần kiểm tra, iFixit đã tiết lộ rằng Apple đã loại bỏ hoàn toàn miếng đệm áp suất bên trong Series 6. Dù mục đích của nhà sản xuất thế nào đi nữa thì đây vẫn là một tính năng hữu ích mà nhiều người dùng cần có.\r\n2. Hiện nay Apple Watch Series 6 có mấy phiên bản? \r\nNếu dựa vào cấu hình, Apple watch Series 6 gồm các  nhóm cơ bản:\r\nGPS: Smartwatch không được tích hợp eSIM\r\nLTE: Smartwatch được tích hợp SIM.\r\nXét về kích cỡ mặt đồng hồ, Apple Watch Series 6 vẫn sẽ có 2 phiên bản là 40mm và 44mm tương tự các phiên bản Apple Watch cũ.\r\nNgoài ra, ở Apple Watch Series 6 sẽ có thêm 2 phiên bản dây mới chính là mẫu dây Solo Loop và Braided Solo Loop với thiết kế không khóa cài, mang đến kiểu dáng trẻ trung, năng động hơn.\r\n3. Đánh giá chi tiết về Apple Watch Series 6\r\nHãy xem các đánh giá dưới đây để khiến bạn bị thuyết phục vì sao nên mua Apple Watch Seri 6.\r\nChất liệu, thiết kế của Apple Watch Series 6\r\nCó thẻ thấy rằng, thiết kế của Apple Watch vẫn duy trì không đổi kể từ khi thế hệ Watch đầu tiên được ra mắt vào năm 2015. Bên cạnh đó, Apple đã thu gọn phần viền màn hình nhằm tăng kích thước hiển thị kể từ Apple Watch Series 4 trở đi. Do đó, phần lớn thiết kế của Apple Watch Series 6 sẽ không đổi so với các thế hệ trước. Cho dù vậy, Series 6 sẽ mang hình dáng mỏng hơn nhờ vào màn hình MicroLED mới.\r\nTính năng, phần mềm của Apple Watch Series 6 có gì nổi bật?\r\nNgoài những tính năng đã xuất hiện trên Apple Watch trước đó, Series 6 năm nay sẽ được trang bị thêm tính năng đo mức ô xi trong máu. Tuy nhiên, Series 6 sẽ có khả năng đo nồng độ oxy và đưa ra cảnh báo kịp thời (cụ thể là dưới 80%).\r\nHơn nữa, Series 6 cũng sẽ có tính năng theo dõi giấc ngủ. Nó có chức năng phân tích giấc ngủ người đeo, đặt mục tiêu giấc ngủ (như ngủ trưa, nghỉ ngơi hay ngủ đủ giấc). Ngoài ra, còn nhiều chức năng khác trên hệ điều hành watchOS 7.\r\nTốc độ xử lý\r\nApple Watch series 6 được trang bị bộ vi xử lý mới cho tốc độ nhanh và mượt mà hơn đáng kể so với Apple S5 hiện tại. Từ đó, các thao tác của bạn sẽ diễn ra nhanh, nhạy hơn trên màn hình cảm ứng. Vì thế, Apple S6 mới sẽ nhanh hơn tới 20% thế hệ trước Apple S5. Đặc biệt, con chip mới này cũng cho khả năng quản lý năng lượng cũng tốt hơn, giúp gia tăng thời lượng pin.', 'https://phongreviews.com/wp-content/uploads/2021/08/apple-watch-series-6-10-768x487.jpg', '2024-05-14 17:21:11'),
(4, 1, 3, '[Review] Đồng hồ thông minh trẻ em Viettel tốt không?', '1. Tìm hiểu về thương hiệu đồng hồ thông minh trẻ em Viettel\r\nĐồng hồ thông minh trẻ em Viettel là dòng sản phẩm được phát triển bởi Viettel, dành cho đối tượng trẻ em 3 tuổi trở lên. Về lịch sử, Viettel là tập đoàn viễn thông và công nghệ thông tin lớn nhất Việt Nam, được thành lập từ 1/6/1989. Theo thống kê thì tập đoàn Viettel có tốc độ tăng trưởng nhanh nhất thế giới. Đặc biệt là nằm trong Top 15 các công ty viễn thông toàn cầu về số lượng thuê bao đăng ký.\r\nBên cạnh việc cung cấp dịch vụ viễn thông thì tập đoàn Viettel còn đầu tư, hoạt động ở nhiều quốc gia trên thế giới. Tập đoàn Viettel cũng tham gia vào các công trình nghiên cứu các sản phẩm công nghệ cao, nổi bật là đồng hồ thông minh trẻ em Viettel. Và hiện nay, Viettel đã và đang tiếp tục khẳng định vị trí của mình trên thị trường trong và ngoài nước.\r\n2. Đồng hồ thông minh Viettel MyKID phù hợp với đối tượng nào?\r\nChiếc đồng hồ cho trẻ Viettel không đơn giản là phụ kiện thời trang yêu thích, mà còn trở thành thiết bị công nghệ cao cấp. Đồng hồ thông minh Viettel này thích hợp sử dụng cho các đối tượng gồm:\r\nTrẻ từ 3 tuổi trở lên\r\nTrẻ em là đối tượng cần quan tâm vfa được bảo vệ an toàn vì luôn phải đối diện với nhiều nguy cơ trong quá trình phát triển như: bắt cóc, lạc đường hay gặp phải tai nạn giao thông khi đi xe đạp…Do đó, sử dụng đồng hồ MyKID sẽ giúp phụ huynh quản lý và giám sát được trẻ khi đi ra ngoài. Đồng thời kiểm soát được vị trí của trẻ khi trẻ vượt qua khu vực an toàn đã được thiết lập sẵn trên thiết bị.\r\nTrẻ từ 5-12 tuổi\r\nĐồng hồ thông minh MyKID được Viettel thiết kế có kiểu dáng rất thời trang và sành điệu với 3 màu sắc được các lứa tuổi yêu thích: màu hồng trẻ trung, màu xanh năng động cùng màu đen phong cách. Ngoài ra, chiếc đồng hồ thông minh này còn được trang bị nhiều chức năng cao cấp khiến trẻ cảm thấy thú vị và thậm chí còn khoe với bạn bè cùng trang lứa.\r\n3. Đồng hồ thông minh trẻ em Viettel có tính năng nổi bật gì?\r\nDòng đồng hồ thông minh trẻ em Viettel sở hữu nhiều tính năng vượt trội, từ đó vừa giúp bé thoải mái sử dụng lại vừa giúp bố mẹ nắm bắt được các hoạt động của bé dễ dàng.\r\nTính năng liên lạc của đồng hồ thông minh Viettel\r\nBố mẹ có thể gọi trẻ qua ứng dụng MyKID được cài trên điện thoại, đồng thời trẻ cũng có thể tiến hành cuộc gọi – nghe ngay trên đồng hồ thông minh. Thiết bị còn có thể lắp sim nghe gọi hai chiều như một chiếc điện thoại bình thường với danh bạ lưu được 10-15 số. Đặc biệt là có nút SOS gọi khẩn cấp tới 3 số mà cha mẹ cài đặt sẵn bằng cách giữ nút từ 3-5 giây.\r\nTính năng định vị\r\nĐồng hồ thông minh Viettel này sử dụng 3 công nghệ định vị phổ biến hiện nay: GPS, Wifi và GSM. Tùy vào điều kiện và môi trường sử dụng ra sao mà các phụ huynh có thể định vị chiếc đồng hồ mà trẻ đang đeo trên tay chính xác nhất.\r\nTính năng chụp hình, ghi âm\r\nDòng đồng hồ thông minh cho trẻ Viettel có chức năng chụp hình tiện lợi như những chiếc smartphone thông thường. Ngoài ra còn có tính năng ghi âm cuộc đối thoại của trẻ để bố mẹ có thể ngăn chặn, phòng ngừa các trường hợp, tình huống nguy hiểm cho bé một cách tốt nhất, an toàn và hiệu quả.\r\nTính năng quản lý sức khỏe cho bé trên đồng hồ\r\nChiếc đồng hồ thông minh trẻ em Viettel này sẽ được tích hợp chức năng đo nhịp tim và đếm số bước chân cho trẻ. Nhờ đó khi khi bé đeo hàng ngày, phụ huynh có thể giúp bé thường xuyên rèn luyện thể chất đều đặn để cải thiện sức khỏe hàng ngày.\r\n4. Đánh giá ưu nhược điểm của đồng hồ thông minh Viettel\r\nDòng thiết bị đồng hồ thông minh Viettel sở hữu nhiều ưu, nhược điểm vượt trội như sau:\r\nƯu điểm\r\nDòng đồng hồ này đến từ thương hiệu Viettel, một tập đoàn lớn trong lĩnh vực công nghệ, mạng di động hàng đầu Việt Nam.\r\nĐồng hồ thông minh cho bé Viettel được thiết kế với màu sắc bắt mắt, nhỏ gọn, giúp bạn có nhiều sự lựa chọn màu cho bé như đen, xanh, hồng.\r\nChất liệu của đồng hồ thông minh Viettel chắc chắn, đảm bảokhông bị rơi tuột khi hoạt động Đồng thời phần dây đeo làm bằng loại nhựa dẻo an toàn, cho nên không gây kích ứng da hay khó chịu cho bé khi đeo trong nhiều giờ.\r\nĐồng hồ thông minh Viettel này còn có chức năng định vị chính xác, từ đó giúp cha mẹ có thể dễ dàng tìm thấy vị trí của con.\r\nThêm nữa, đồng hồ thông minh Viettel được trang bị màn hình cảm ứng, cho phép các tính năng sử dụng được hiển thị rõ ràng trên màn hình thông qua hình ảnh minh họa sinh động.\r\nNgoài các tính năng kể trên, đồng hồ thông minh cho bé Viettel còn được trang bị một số tính năng tiện ích khác như: chụp ảnh, quản lý sức khỏe, theo dõi thời tiết,…\r\nNhược điểm\r\nĐồng hồ thông minh trẻ em Viettel này là bắt buộc phải dùng sim Viettel cho nên khá bất tiện.\r\n\r\n', 'https://donghodinhviviettel.com/wp-content/uploads/2023/05/mykid-4G-Lite.jpg', '2024-05-14 17:20:18'),
(5, 1, 3, '[Review]Máy tính bảng Xiaomi có tốt không? Nên mua dòng nào tốt?', '1. Giới thiệu thương hiệu Xiaomi\r\nThực tế, Xiaomi hiện là một trong những tập đoàn có xuất xứ từ Trung Quốc, chuyên sản xuất các loại thiết bị điện tử. Bao gồm điện thoại, máy tính, máy tính bảng… Ngay từ khi thành lập cho đến nay, thương hiệu này đã có nhiều bước cải tiến cũng như phát triển vượt bậc từ thiết kế đa dạng, bắt mắt và cho đến cấu hình mượt, dễ sử dụng. Do đó, nó còn được mọi người ưu ái gọi với cái tên “Apple của Trung Quốc”. Hiện tại, Xiaomi đang chiếm được phần lớn thị trường, đứng đầu tại Trung Quốc và đứng thứ 5 trên thế giới về các thiết bị điện tử.\r\n2. Máy tính bảng Xiaomi hiện nay có mấy dòng thế hệ?\r\nCho đến thời điểm này, Xiaomi đã tung ra thị trường 4 dòng máy tính bảng Xiaomi với đầy đủ những tính năng, công cụ hỗ trợ đắc lực cho dân văn phòng, và cả người dùng giải trí theo các cấp độ nâng tầm.\r\nXiaomi Mi Pad Thế Hệ 1\r\nĐầu tiên, Xiaomi Mi Pad thế hệ 1 là dòng đầu tiên của Xiaomi. Dòng máy tính bảng này cso đặc điểm  là thiết kế nhỏ gọn, màn hình rộng 7.9 inch cùng với độ phân giải cao 1536 x 2048 pixels. Bên cạnh đó, dòng máy tính bảng Xiaomi Mipad thế hệ 1 còn được thiết kế với công nghệ cảm biến Camera sau 8MP và camera trước 5M. Điều này giúp người dùng trải nghiệm đầy đủ những tính năng quan trọng, tiện ích từ nghe gọi, giải trí cho đến làm việc.\r\nXiaomi Mi Pad Thế Hệ 2\r\nĐược cải tiến hơn so với thế hệ 1, Xiaomi Mi Pad thế hệ 2 được thiết kế sang trọng hơn với 2 camera trước cùng độ phân giải cao. Điểm nổi bật của dòng máy tính bảng Xiaomi này là được nâng cấp để chạy trên Win10. Điều này giúp cho người dùng có thể soạn thảo văn bản cũng như chia sẻ dữ liệu một cách dễ dàng và tiện lợi.\r\nXiaomi Mi Pad Thế Hệ 3\r\nNếu so với 2 dòng Xiaomi trước thì Xiaomi Mi Pad thế hệ 3 có dung lượng pin lớn hơn hẳn. Đồng thời, thời gian sử dụng lên đến 12 tiếng và 6.600 mAh. Hơn nữa, sản phẩm có bộ nhớ 64GB và khung 13MP, mang đến cho người dùng nhiều trải nghiệm mới mẻ.\r\nXiaomi Mi Pad Thế Hệ 4\r\nCuối cùng, Xiaomi Mi Pad thế hệ 4 là dạng tablet cao cấp nhất của dòng máy tính bảng Xiaomi. Có thể thấy dòng máy tính bảng này được thiết kế bằng chất liệu nhôm cùng với khung kim loại chắc chắn. Từ đó, đem đến cho người dùng ấn tượng đầu tiên đó là sự sang trọng, đẳng cấp. Bên cạnh đó, Xiaomi Mi Pad thế hệ 4 được trang bị thêm bộ nhớ 32 GB/ 64 GB/ 128 GB/ 256 GB phụ thuộc vào nhu cầu sử dụng của từng người. Đặc biệt với dung lượng pin 6000 là trợ thủ đắc lực của bạn trong công việc cũng như cuộc sống.\r\n3. Đánh giá dòng máy tính bảng Xiaomi có tốt không?\r\nNhận thấy rằng, những chiếc máy tính bảng chính hãng của Xiaomi đang ngày càng chinh phục được người sử dụng Việt. Lý do đầu tiên chính là bởi vì cấu hình của Xiaomi vừa bền, giao diện tốt nhưng có giá tầm trung, nên phù hợp với túi tiền của nhiều người.\r\nƯu điểm thứ hai mà bạn nên sở hữu cho mình một chiếc máy tính bảng Xiaomi này, đó là thiết kế nguyên khối bằng kim loại. Nhờ đó mà đem lại sự sang trọng và thanh lịch cho người sử dụng chúng. Ngoài ra, màn hình tràn viền bo góc cạnh, giúp người dùng có thể cầm chắc chắn, dù có làm rơi rớt thì cũng chỉ trầy xước phần vỏ.\r\n4. op 4 dòng máy tính bảng Xiaomi tốt nhất bán chạy hiện nay\r\nTrong các sản phẩm điện tử thông minh của Xiaomi thì máy tính bảng đang là thế mạnh nhất của hãng. Chính vì thế nếu bạn băn khoăn quá nhiều trong chọn lựa sản phẩm mình yêu thích nhất. Hãy tham khảo chi tiết top 4 mẫu máy tính bảng Xiaomi dưới đây nhé.\r\n4.1. Máy tính bảng Xiaomi MiPad 4 Plus\r\nXiaomi Pad 4 Plus chính là một phiên bản nâng cấp hơn của Xiaomi Mipad 4. Sản phẩm này có thiết kế gần như tương tự đời cũ của nó. Những nhà sản xuất cũng đã nâng cấp với một số thay đổi như tăng kích thước của màn hình lên thành 10.1 inch với độ phân giải rất cao tới 1920 x 1200. Bên cạnh đó, cũng tăng dung lượng pin lên đến 8620 mAh. Từ đó, giúp người dùng thoải mái trải nghiệm những điều mới mẻ.\r\nGiá tham khảo: 7.500.000 vnđ.\r\n4.2. Máy Tính Bảng Xiaomi MiPad 2\r\nTiếp theo, máy tính bảng Xiaomi MiPad 2 là một dòng tablet đã ra đời từ khá lâu. Thực tế, máy được thiết kế với bề ngoài sang trọng, màn hình rộng 7.9 inch. Bên cạnh đó, phần cứng của máy là bộ chip Intel Atom X5-Z8500 4, còn bộ nhớ ngoài 2GB và bộ nhớ trong 16 GB.\r\nGiá tham khảo: 3.000.000 vnđ.\r\n4.3. Máy tính bảng Xiaomi Mipad 5 Pro\r\nMáy tính bảng Xiaomi Mipad 5 Pro được ví là máy chiếu cầm tay với tấm nền IPS LCD hỗ trợ HDR10 cùng dải màu phong phú lên đến 1 tỷ màu. Bên cạnh đó, các chi tiết sáng tối đều được hiển thị sống động và mạng chất lượng giải trí chuẩn điện ảnh. Ngoài ra, máy này còn có khả năng chống ánh sáng xanh thấp đã đạt chứng nhận Rheinland. Qua đó, sẽ đem đến cho người dùng những trải nghiệm thị giác thoải mái và lành mạnh nhất.\r\nGiá tham khảo: 10.750.000 vnđ.\r\n4.4. Máy tính bảng Xiaomi MiPad 3\r\nMáy tính bảng Xiaomi MiPad 3 sở hữu thiết kế kim loại nhôm nguyên khối cứng cáp và chắc chắn giúp mang đến nét sang trọng. Bên cạnh đó, kích thước MiPad 3 chuẩn với số đo 3 vòng 200.4 x 132.6 x 7 mm và trọng lượng chỉ 328g khá nhẹ, thuận lợi trong việc sử dụng và mang đi xa.\r\nGiá tham khảo: 5.800.000 vnđ. \r\nTrên đây là bài viết đánh giá máy tính bảng Xiaomi có tốt hay không đồng thời đưa ra một số gợi ý để các bạn tham khảo. Từ đó giúp bạn có thể lựa chọn được một “người bạn” ưng ý nhất cho mình nhé.\r\n', 'https://nguyenvu-store-medias.tn-cdn.net/2021/09/gsmarena_001-5.jpg', '2024-05-14 17:27:18'),
(6, 1, 3, 'Top 3 bàn phím cơ không dây nào tốt nên mua nhất', '1. Ưu điểm của bàn phím cơ không dây\r\nDòng bàn phím cơ không dây hiện đang trở thành xu hướng mới nhờ vào việc sở hữu nhiều tính năng vượt trội, mang đến những trải nghiệm người dùng tốt hơn. Cho nên khi tìm hiểu về dòng bàn phím này chúng ta có thể thấy rất nhiều ưu điểm như:\r\nTính di động cao: Khác với dòng bàn phím cố định, bàn phím không dây cực kỳ tiện, bạn có thể mang đi nhiều nơi cực kỳ đơn giản, không cần tháo lắp cầu kỳ. Hơn nữa, bàn phím cơ không dây còn cho phép bạn sử dụng trên nhiều thiết bị cùng lúc, tương thích với nhiều máy tính.\r\nĐộ bền cao: Một ưu điểm tiếp của bàn phím cơ không dây chính là độ bền được cải tiến dần theo thời gian. Chất liệu để tạo nên sản phẩm đều là loại cao cấp, để có thể cho tuổi thọ cao cũng như tránh hỏng khi va đập hay khi làm rơi.\r\nKích thước, thiết kế bắt mắt: Dòng bàn phím cơ không dây thường có thiết kế đơn giản nhỏ gọn, kiểu dáng thanh lịch, tiện dụng có thể bỏ được trong balo. Hơn nữa, những mẫu mã luôn hướng tới sự trẻ trung, đường nét năng động, màu sắc hài hòa.\r\nKhả năng kết nối: Bàn phím không dây có khả năng kết nối đặc biệt nhanh và mạnh mẽ nhờ vào công nghệ Bluetooth hiện đại.\r\n2. Kinh nghiệm chọn mua bàn phím cơ không dây phù hợp\r\nVì là công cụ thường xuyên sử dụng, nhất là với những người làm việc trên máy tính. Do đó khi chọn mua bàn phím cơ không dây tốt, bạn nên chú ý tới một số tiêu chí sau.\r\nKích cỡ và số lượng phím\r\nVới mục đích dùng khác nhau mà bạn có thể chọn bàn phím có kích cỡ và số lượng phím khác nhau. Cụ thể, nếu nhu cầu không cao và chủ yếu làm việc văn phòng, thì bạn nên chọn bàn phím full 70% có 74 phím. Còn ngược lại, nếu sử dụng để chơi game hoặc thiết kế, các việc chuyên dụng với máy tình thì nên chọn bàn phím full 100% với 108 phím.\r\nCông nghệ bàn phím\r\nTrên thị trường hiện nay, bàn phím cơ không dây được tích hợp rất nhiều công nghệ. Và thường công nghệ mà các nhà sản xuất thường cài đặt trên bàn phím không dây sẽ là công nghệ Switch. Nhờ đó khiến độ nhạy của bàn phím cao, keycap cực bền, đồng thời còn có thể bổ sung thêm LED RGB để giúp bàn phím thêm bắt mắt, sặc sỡ.\r\nThời lượng pin\r\nLoại pin được sử dụng nhiều nhất ở bàn phím cơ không dây thường là pin AAA. Vậy nhưng bạn hoàn toàn có thể lựa chọn các sản phẩm sử dụng loại pin chuyên dụng, tuy nhiên loại pin này có chi phí khá cao và khó tìm mua và thay thế.\r\nThương hiệu và giá thành\r\nCuối cùng, khi chọn mua bàn phím cơ không dây bạn nên ưu tiên sản phẩm đến từ những thương hiệu lớn, uy tín như: Logitech, Samsung, Wireless… Hơn nữa phân khúc giá bàn phím không dây cũng khá đa dạng, vì vậy nên chọn theo nhu cầu và điều kiện kinh tế của bản thân là tốt nhất.\r\n3. Top 5 bàn phím cơ không dây tốt, đáng mua hiện nay\r\nBạn đang cần mua một bàn phím cơ không dây chất lượng? Vậy thì nhất định đừng bỏ qua top 5 bàn phím cơ không dây được đánh giá top đầu thị trường sau đây.\r\n3.1. Bàn phím cơ không dây Logitech K270\r\nLogitech K270 sở hữu vóc dáng cổ điển cùng với phím Spacebar được làm cong vòm để một ít tạo cảm giác mềm mại khác lạ. Hơn nữa, tất cả chất liệu làm nên K270 đều là nhựa và các phím được phủ lên thêm một lớp chống tia cực tím, nhờ đó bảo vệ chữ trên các phím không bị mờ hay bị phai theo năm tháng. Mặt sau bàn phím được thiết kế 2 nẫy giúp tạo độ nâng cho bàn phím một góc nhỏ 8 độ, đồng thời giữ phím ở vị trí Ergonomic để người dùng dễ thao tác.\r\nGiá bán tham khảo: 489.000 VND.\r\n3.2. Bàn phím cơ không dây cao cấp Wireless Keychron K2\r\nKeychron K2 được coi là “ bàn phím quốc dân” dành cho anh em game thủ hardcore hay những người thường chơi keycap. Kết cấu bàn phím nhỏ gọn, đủ phím, thiết kế cơ bản đẹp mắt. Hơn nữa, switch ngon lại hỗ trợ thay keycap custom, nhờ vậy mà Wireless Keychron K2 quả thực có thể nói là một siêu phẩm. Keychron K2 là một mẫu bàn phím cơ không dây gồm layout 84 phím, đã được bỏ bớt các phím số bên phải nhưng vẫn giữ các phím F1, F2 và arrow, cho nên anh em chơi FPS, MOBA hoàn toàn có thể yên tâm.\r\nGiá bán tham khảo: 1.690.000 VNĐ.\r\n3.3. Bàn phím cơ không dây DareU EK871 khuyên dùng\r\nBàn phím cơ không dây EK871 được áp dụng cách sắp xếp 71 phím hoàn toàn mới mẻ. Với thiết kế vị trí phím 71 thế nhưng lại có chức năng gần giống của bàn phím chuẩn 108 phím, Hơn nữa thiết kế khung hẹp làm cho bàn phím trở nên nhỏ gọn cũng như chắc chắn hơn. Đồng thời cách sắp xếp phím 71 phím vẫn giữ nguyên các phím chức năng cùng phím điều hướng hay dùng sẽ cực kỳ phù hợp với mọi người sử dụng cho công việc văn phòng, chơi game…..Thiết bị còn hỗ trợ cả kết nối có dây USB và kết nối không dây Bluetooth, nhất là với công nghệ Bluetooth 5.0 được hỗ trợ kết nối cùng lúc với 3 thiết bị.\r\nGiá bán tham khảo: 1.390.000 VNĐ.\r\n\r\n', 'https://cdn.tgdd.vn/Products/Images/4547/242727/khong-day-touchpad-rapoo-k2800-2-org.jpg', '2024-05-14 17:27:18'),
(7, 2, 2, '[Review] Tẩy tế bào chết môi Innisfree có tốt không? Giá bao nhiêu?', '1. Giới thiệu thương hiệu mỹ phẩm Innisfree đến từ Hàn Quốc\r\nInnisfree là thương hiệu mỹ phẩm được thành lập vào  năm 2000 tại Hàn Quốc bởi tập đoàn nổi tiếng Amore Pacific – ông lớn của các thương hiệu cao cấp như: Laneige, Sulwhasoo. Đặc trưng ở bảng thành phần thiên nhiên, an toàn đến từ hòn đảo Jehu, giúp mang đến hiệu quả vô cùng tích cực đối với làn da nên luôn nhận được sự yêu mến của cộng đồng làm đẹp. Không những vậy, để tạo nên sự khác biệt, Innisfree luôn cố gắng từng ngày để thay thế các chai nhựa bằng bao bì có thể tái chế được như hộp giấy dễ dàng phân  huỷ giúp bảo vệ môi trường. Đặc biệt, với phương châm mang đến những điều tốt nhất, hiệu quả nhất nên hiện tại Innisfree có sự phát triển mạnh mẽ mà góp mặt trên 1600 cửa hàng khắp các quốc gia.\r\n2. Đánh giá ưu nhược điểm của tẩy tế bào chết môi Innisfree\r\nLà một trong những dòng sản phẩm nổi bật và được quan tâm nhất nhì của hãng, tẩy tế bào chết môi Innisfree ngay từ thời điểm mắt đầu ra mắt đã được vô số chị em Việt truyền tai nhau sử dụng. Vậy ưu nhược điểm của sản phẩm nổi tiếng này là gì?\r\nVề ưu điểm\r\nThiết kế dạng tuýp nhỏ gọn dễ sử dụng và đem theo bất cứ đâu\r\nBảng thành phần an toàn, không chứa dầu khoáng, chất bảo quản, paraben cùng các chất gây hại cho môi trường khác\r\nCó khả năng tẩy da chết nhẹ nhàng giúp tăng cường độ ẩm và độ mịn màng cho môi\r\nGiúp cải thiện sắc tố làm giảm thâm sạm môi hiệu quả\r\nCấp ẩm, dưỡng ẩm và làm giảm thiểu tình trạng nứt nẻ xảy ra\r\nGiúp môi lên màu chuẩn và mịn hơn khi dùng son nhờ sự nuôi dưỡng và phục hồi ngay từ bên trong\r\nDễ dàng làm sạch sau mỗi lần tẩy tế bào chết\r\nGiá thành rẻ\r\nNhược điểm\r\nCó mùi hơi hắc nên có thể gây khó chịu cho 1 số bạn lúc đầu sử dụng\r\nHiệu quả làm hồng môi chưa thực sự rõ rệt\r\nTuýp nhỏ dùng nhanh hết.\r\n3. Review 2 dòng tẩy tế bào chết môi Innisfree Hot nhất hiện nay\r\nSau đây háy cùng chúng tôi tìm hiểu về 2 dòng tẩy tế bào chết môi innisfree Hot nhất được nhiều người tin dùng nhất.\r\n3.1. Tẩy tế bào chết cho môi Innisfree Lip Peeling Booster – được yêu thích nhất\r\nTrong vô số các sản phẩm đang “làm mưa làm gió” trên thị trường Việt Nam thì có lẽ Innisfree Lip Peeling Booster chính là sản phẩm đáng nói đến nhất. Sản phẩm này không chỉ được bán tại nhiều địa điểm mà còn rất thịnh hành trên các sàn thương mại điện tử hiện nay.\r\nVề bề ngoài, tẩy tế bào chết môi Innisfree Lip Peeling Booster sở hữu thiết kế dạng tuýp nhỏ gọn, khá thuận tiện trong quá trình sử dụng, cùng với đó là màu be pastel có phần trang nhã và đầy tinh tế với mọi thông tin đều được in chi tiết trên bao bì.\r\nVới công dụng chủ yếu là giúp tẩy tế bào chết cho môi, sử dụng dòng Innisfree Lip Peeling Booster này mỗi ngày sẽ giúp da môi trở nên mịn màng, ẩm mượt, hạn chế tình trạng khô, bong tróc.\r\nBên cạnh đó, bằng sự kết hợp giữa gel và lực mát xa của ngón tay, sản phẩm sẽ giúp loại bỏ nhẹ nhàng những lớp tế bào chết, lớp vảy bong tróc ở ngoài cùng của môi. Theo đó, các điểm tối màu khiến môi bị thâm cũng mờ dần đi. Ngoài việc tẩy da chết, Innisfree Lip Peeling Booster còn cung cấp độ ẩm nhẹ để môi luôn ẩm mượt. Việc sử dụng trước khi đánh son cũng sẽ giúp màu son lên đều và rõ nét hơn.\r\nThành phần chính  có trong dòng tẩy tế bào chết này chủ yếu là các dưỡng chất đến từ thiên nhiên, có khả năng cung cấp nhiều độ ẩm cho môi như: tinh dầu trà xanh, dầu hạt mắc ca và dầu hạt hướng dương. Trong đó:\r\nTinh dầu trà xanh được chiết xuất từ hạt và lá trà xanh thiên nhiên. Có công dụng cấp ẩm và làm mềm mịn da rất tốt.\r\nDầu hạt mắc ca chứa hàm lượng chất dưỡng ẩm cao giúp cung cấp đủ độ ẩm tốt nhất cho môi. Bên cạnh đó nó còn có thêm tác dụng chống oxy hoá và chống nắng cho môi  vô cùng hiệu quả\r\nDầu hạt hướng dương cũng là thành phần dưỡng ẩm, giàu vitamin E để dưỡng ẩm, làm mềm, đồng thời bảo vệ môi trước tác hại của tia UV…\r\nGiá tham khảo: 160.000 đồng\r\n3.2. Tẩy tế bào chết cho môi Innisfree Smooth Lip Scrub – sản phẩm bán chạy nhất\r\nNgoài Innisfree Lip Peeling Booster thì tẩy da chết cho môi Innisfree Smooth Lip Scrub cũng đang là sản phẩm quen thuộc không thể thiếu của rất nhiều chị em phái đẹp Việt. Về mặt bao bì, có lẽ sản phẩm này cũng không có nhiều khác biệt so với dòng gel tẩy da chết cho môi đã được review bên trên.\r\nNó được thiết kế có hình dạng như 1 tuýp son dưỡng màu be với tên sản phẩm được in dọc thân tuýp. Cùng với đó là  các hình vẽ tròn minh hoạ cho các hạt Scrub nằm ở 1 đầu của tuýp kem. Nhìn chung “em” này cũng sở hữu thiết kế tương đối đơn giản. Quan trọng hơn là nó dễ sử dụng và có thể đem theo bất cứ đâu.\r\nVề công dụng,  Innisfree Smooth Lip Scrub mang đến công dụng chính là nhẹ nhàng loại bỏ đi các tế bào da chết cùng những vảy môi bong tróc. Trả lại cho người dùng 1 đôi môi căng tràn, mềm  mịn và hồng hào.\r\nGiá tham khảo: 90.000 đồng\r\n4. Tẩy tế bào chết môi Innisfree mua ở đâu chính hãng? Giá bao nhiêu?\r\nThị trường mỹ phẩm đang ngày càng phát triển khiến các chị em cảm thấy vô cùng khó khăn trong việc tìm ra 1 địa điểm cung cấp tẩy tế bào chết môi Innisfree chính hãng. Bởi lẽ nếu không tìm hiểu kỹ, các bạn sẽ mua phải sản phẩm kém chất lượng dẫn đến những hậu quả vô cùng nghiêm trọng.\r\nTheo đó, khi mua các bạn nên tham hảo trực tiếp tại các cửa hàng chuyên bán hàng chính hãng và có uy tín tại  nơi bạn sinh sống. Giá của các dòng kem tẩy da chết cho môi Innisfree hiện đang dao động từ 90.000 cho đến 180.000 đồng.  Ngoài ra, nếu muốn mua được sản phẩm, với mức giá cạnh tranh hơn bạn cũng có thể tham khảo tại các trang thương mại điện tử như: Shopee, Lazada,..', 'https://product.hstatic.net/200000282419/product/tay-te-bao-chet-cho-moi-innisfree-lip-peeling-booster__4__abb080f745b942cab8b5cdff5ac9045b_master.png', '2024-05-14 17:38:48'),
(8, 3, 3, '[Review] Máy hút bụi Panasonic MC CL565kn46 có tốt không?', '1. Thông tin về máy hút bụi Panasonic MC CL565kn46\r\nKhi mua bất kì một sản phẩm nào, đặc biệt là những món đồ công nghệ hiện đại, bạn phải nắm rõ được những thông tin cơ bản của chúng. Dưới đây là một số thông tin về xuất xứ, thương hiệu của máy hút bụi Panasonic MC CL565kn46.\r\nMáy hút bụi Panasonic MC CL565kn46 của nước nào? (thương hiệu)\r\nDòng máy hút bụi Panasonic là sản phẩm đến từ thương hiệu nổi của nước Nhật Bản, một nước đứng đầu trong ngành sản xuất đồ công nghệ. Đây cũng chính là công ty điện tử lớn nhất của Nhật Bản, vươn tầm quốc tế. Công ty được thành lập vào năm 1918 nhưng lúc đó lấy tên gọi khác là Matsushita Electric Industrial Co, Ltd, trụ sở chính của công ty là căn phòng thuê đơn giản. Sau đó đến năm 2008, công ty đã được đổi tên thành Panasonic Corporation và giữ đến bây giờ.\r\nThiết kế, cấu tạo của máy hút bụi Panasonic MC CL565kn46\r\nMáy hút bụi Panasonic MC CL565kn46 có thiết kế nhỏ gọn cùng với phần quai xách ở trên máy mang lại sự tiện lợi cho người sử dụng. Bạn có thể di chuyển chiếc máy đến những khu vực nào cần hút bụi mà không tốn nhiều công sức.\r\nDây điện của máy hút bụi Panasonic MC CL565kn46 dài 5m nên người dùng có thể sử dụng máy ở nhiều khu vực khác nhau mà không cần phải di chuyển nhiều lần đặt biệt là ở những khu vực không có ổ cắm điện. Hơn nữa máy còn có hệ thống bánh xe di chuyển với bề mặt phẳng mịn sẽ không làm xước sàn nhà khi sử dụng.\r\nNgoài ra sản phẩm còn có một khoang chứa bụi có diện tích ra rộng, chứa được nhiều bụi bẩn, lông, tóc,… Vì có thể tháo rời khoang chứa bụi ra khỏi máy rất dễ dàng nên quá trình vệ sinh diễn ra nhanh chóng và tiện lợi hơn.\r\nCông suất, tính năng của máy hút bụi Panasonic MC CL565kn46\r\nMáy hút bụi Panasonic MC CL565kn46 có công suất hút đạt 2000W, một con số đảm bảo có thể hoạt động trong thời gian dài mà không bị ảnh hưởng. Cùng với đó là khả năng chứa bụi lên đến 2lit, sử dụng được trong thời gian dài mà không cần phải đổ rác liên tục. Kiểu khí xoáy ly tâm và luồng khí vào bộ lọc được duy trì xuyên suốt nên giảm tránh được hiện tượng tắc nghẽn trong quá trình sử dụng máy.\r\n2. Máy hút bụi Panasonic MC CL565kn46 có tốt không?\r\nNhìn vào đặc điểm trên của máy hút bụi Panasonic MC CL565kn46 bạn cũng đã có thể nhận thấy rằng đây là một sản phẩm tốt, chất lượng cao. Nhưng nếu bạn muốn biết thêm nhiều ưu điểm nổi trội khác và một vài nhược điểm của máy thì hãy tiếp tục theo dõi bài viết này.\r\nƯu điểm của Máy hút bụi Panasonic MC CL565kn46\r\nTại sao Máy hút bụi Panasonic MC CL565kn46 lại được nhiều gia đình lựa chọn và tin dùng đến thế. Tất cả các khách hàng đã thử trải nghiệm qua sản phẩm đều để lại những đánh giá tốt và công nhận những ưu điểm sau:\r\nCông suất hút mạnh, bền lâu\r\nCông suất chính là số đo để biết được thiết bị có thể hoạt động hiệu quả cao như thế nào. Máy hút bụi Panasonic MC CL565kn46 hoạt động với công suất lớn, lên đến 2000W tạo ra lực hút vô cùng mạnh mẽ, giúp bạn dễ dàng hút sạch bụi bẩn tại mọi vị trí.\r\nHút sạch bụi ở mọi ngóc ngách nhà:\r\nNhờ có cấu tạo ống hút bụi nối dài và được làm bằng chất liệu kim loại, vừa sử dụng tốt, vừa bền. Bạn có thể dễ dàng hút bụi khi đứng ở những vị trí xa tầm như gầm tủ, gầm giường…Ngoài ra bánh xe của máy hút bụi Panasonic MC CL565kn46 được chế tạo mềm, di chuyển thuận tiện, nhẹ nhàng, không gây trầy xước sàn nhà.\r\nDây điện dài đến 5 mét nên bạn có thể di chuyển máy đến khắp mọi không gian trong phòng mà không cần phải thay đổi ổ điện. Đầu hút của máy có thiết kế nắp đậy và có khả năng trượt mở linh hoạt khi tiếp xúc với các cạnh tường, góc tường.\r\nDễ dàng vệ sinh\r\nHộp đựng bụi có dung tích lớn nên chứa được nhiều bụi bẩn hơn các loại máy khác. Khoang chứa bụi được thiết kế theo kiểu dễ tháo rời nên bất kỳ ai cũng có thể thực hiện đổ bụi và vệ sinh một cách thuận tiện, nhanh chóng.\r\nĐể làm sạch được bụi bẩn trong khoang chỉ cần sử dụng khăn và nước sạch. Đối với những vết bẩn cứng đầu hơn thì hãy sử dụng thêm chất tẩy rửa đơn giản như xà phòng. Vì máy có màu đen sáng nên bề mặt ngoài của máy cũng rất dễ được làm sạch.\r\nNhược điểm của Máy hút bụi Panasonic MC CL565kn46\r\nKhông có một thứ gì trên đời này mà không có nhược điểm cả, và máy hút bụi Panasonic MC CL565kn46 cũng vậy. Tuy nhiên so với những ưu điểm mà sản phẩm này mang lại thì vài nhược điểm này là không đáng kể.\r\nĐộ ồn cao\r\nNhược điểm lớn nhất đáng lo ngại nhất của Máy hút bụi Panasonic MC CL565kn46 có lẽ là độ ồn. Do máy có nhiều tính năng đoạt động và đặc biệt là công suất hút lớn nên khi sử dụng sẽ gây ra tiếng ồn hơn một số máy khác. Điều này sẽ gây ra vài phiền phức cho những gia đình có người già và trẻ nhỏ. Nhưng chỉ cần lưu ý tránh sử dụng máy vào các khoảng thời gian họ nghỉ ngơi là được.\r\nKhông có khả năng hút chất lỏng\r\nMáy hút bụi Panasonic MC CL565kn46 sẽ không có khả năng hút các loại chất lỏng do không được trang bị tính năng thổi bụi. Bạn phải lau chùi sạch sẽ, khô thoáng các chất lỏng trên bề mặt trước khi sử dụng máy hút bụi. Thật ra thì hiện nay tính năng hút chất lỏng được tìm thấy rất ít các loại máy hút bụi, nếu có thì giá sẽ tương đối cao.\r\n3. Máy hút bụi Panasonic MC CL565kn46 giá bao nhiêu? Mua ở đâu\r\nTrên thị trường hiện nay có rất nhiều cửa hàng bán Máy hút bụi Panasonic MC CL565kn46, đặc biệt ở các cửa hàng lớn như Điện Máy Xanh, Nguyễn Kim, các trung tâm bán đồ công nghệ gia dụng,… Ngoài ra bạn cũng có thể đặt mua tại các trang web bán hàng trực tiếp trên mạng. Nhưng lưu ý trước khi đặt hàng cần phải tìm hiểu rõ ràng để tránh bị lừa, mua phải sản phẩm kém chất lượng.\r\nMáy hút bụi Panasonic MC CL565kn46  ở tất cả các cửa hàng đều có giá niêm yết cố định. Nếu có khác nhau thì chỉ được phép chênh lệch rất ít. Nhiều người vì ham giá rẻ mà mua tại nơi không uy tín, vì hàng giả có thể được thiết kế rất giống nhau nên rất khó phân biệt. Khi sử dụng rất hay bị hư hỏng, trục trặc.\r\nGiá bán tham khảo: 1.290.000 VNĐ.\r\n', 'https://bizweb.dktcdn.net/100/408/204/products/10a3a5efce960248dbb0b7807bf541.jpg?v=1603640242260', '2024-05-14 17:38:48'),
(9, 4, 2, 'Máy lọc không khí Samsung AX40R3020WU/SV tốt thật không?', '1. Đôi nét về thương hiệu Samsung\r\nThực tế, Samsung là thương hiệu điện tử toàn cầu của tập đoàn Samsung. Thương hiệu này sở hữu nhiều công ty con và là tập đoàn thương mại lớn nhất Hàn Quốc. Bên cạnh đó, công ty TNHH Samsung Electronics Việt Nam được thành lập vào năm 2007.\r\nHầu hết các sản phẩm của Samsung rất đa dạng từ điện thoại đến các thiết bị gia dụng, điện tử như tivi, dàn âm thanh. Ngoài ra, còn có cả máy lạnh, mới đây nhất là sản phẩm máy lọc không khí.\r\nSamsung luôn hoạt động xuất phát từ lòng đam mê và cam kết không ngừng nghỉ nhằm đạt chất lượng hoàn hảo trong mọi sản phẩm và dịch vụ. Đặc biệt, với thế mạnh là thương hiệu của tập đoàn toàn cầu, chất lượng của sản phẩm luôn đạt mức hoàn thiện cao nhất cũng như chế độ bảo hành tốt.\r\n2. Review Máy lọc không khí Samsung AX40R3020WU/SV có tốt không?\r\nĐể đánh giá chất lượng máy lọc không khí Samsung AX40R3020WU/SV bạn cần đánh giá chi tiết sản phẩm với các thông số sau:\r\nThông số kỹ thuật\r\nTuổi thọ màng lọc: trong khoảng 12 – 18 tháng\r\nCảm biến: Bụi/Khí gas\r\nMàng lọc: bao gồm lọc thô/HEPA và than hoạt tính\r\nDiện tích sử dụng: 39m2\r\nCông suất tiêu thụ: 34W\r\nKhóa trẻ em: Có\r\nĐộ ồn: 45dB\r\nNguồn điện áp: 220V\r\nKích thước máy: 361mm x 481mm x 233mm\r\nTrọng lượng sản phẩm: 6,5kg\r\nThương hiệu: Hàn Quốc\r\nSản xuất tại: Trung Quốc\r\nBảo hành: 12 tháng\r\nThiết kế, chất liệu của máy\r\nMáy lọc không khí Samsung AX40R3020WU/SV có thiết kế dạng khối không chiếm quá nhiều diện tích nên giúp bạn có thể đặt ở mọi nơi. Bên cạnh đó, họa tiết lượn sóng và 4 góc bo tròn sẽ đem đến sự hài hoà, cũng như là tạo điểm nhấn sáng giá cho không gian nội thất xung quanh. Nhờ sở hữu công suất lọc vượt trội, máy có thể lọc sạch không khí bẩn trong diện tích tới 39m2 chỉ trong một khoảng thời gian ngắn. Không những thế, sản phẩm còn được trang bị chế độ ban đêm tiết kiệm điện, giảm chi phí sinh hoạt cho gia đình.\r\nCấu tạo máy\r\nMáy lọc không khí Samsung AX40R3020WU/SV được hãng trang bị 3 màng lọc tiên tiến. Cụ thể 3 màng lọc đó là màng lọc trước, màng lọc than hoạt tính và màng lọc HEPA. Trong đó, màng lọc than hoạt tính có tác dụng khử mùi hôi khó chịu như mùi thuốc lá và mùi thức ăn. Còn màng lọc HEPA sẽ giúp ngăn chặn những hạt bụi nhỏ có kích thước 0.3 um và các loại vi khuẩn. Vì thế, máy sẽ mang đến không gian trong lành cho ngôi nhà của bạn.\r\n3. Đánh giá ưu nhược điểm của máy lọc không khí Samsung AX40R3020WU/SV\r\nBất cứ một sản phẩm dù tốt thế nào đi chăng nữa thì cung sẽ tồn tại những ưu nhược điểm. Và máy lọc không khí Samsung AX40R3020WU/SV cũng không phải là trường hợp ngoại lệ. Vậy ưu nhược điểm của máy lọc không khí Samsung này là gì?\r\nƯu điểm của sản phẩm\r\nNgay từ cái nhìn đầu tiên, bạn sẽ ấn tượng với thiết kế nhỏ gọn và sang trọng của máy lọc khí Samsung AX40R3020WU/SV.\r\nBên cạnh đó, máy có hệ thống màng lọc nhiều lớp, nên sẽ mang đến không gian trong lành cho người dùng.\r\nMáy có màn hình hiển thị các chỉ số màu trực quan, giúp người dùng biết được tình trạng ô nhiễm trong không gian sử dụng mà không cần phải đến gần.\r\nHơn nữa, máy còn rất dễ dàng vệ sinh và tháo lắp các màng lọc.\r\nĐặc biệt, nhờ tính năng Ngủ thông minh sẽ mang đến không gian yên tĩnh cho người dùng nghỉ ngơi.\r\nĐối với những gia đình có con nhỏ thì tính năng Khóa trẻ em sẽ nâng cao tính an toàn của sản phẩm. Kèm theo đó là việc sở hữu tính chế độ tự động, tiết kiệm điện năng cho người dùng.\r\nNhược điểm của sản phẩm\r\nBên cạnh những ưu điểm kể trên thì nhược điểm của máy lọc không khí Samsung AX40R3020WU chính là máy không có tính năng bù ẩm như các dòng máy lọc không khí khác trên thị trường. Vì thế, đối với những ngày độ ẩm không khí xuống quá thấp, ví dụ như những ngày mùa đông, có những ngày khô lạnh với độ ẩm xuống dưới 30%  sẽ gây ảnh hưởng tới sức khỏe hô hấp và làn da của những người sử dụng.\r\n4. Máy lọc không khí Samsung AX40R3020WU/SV giá bao nhiêu? Mua ở đâu uy tín?\r\nHieejnnay, trên thị trường có rất nhiều đại lý lớn và uy tín có bán sản phẩm máy lọc không khí Samsung AX40R3020WU với giá dao động từ 3.800.000- 4.000.000 VNĐ. Đặc biệt, bạn có thể mua sản phẩm uy tín chính hãng đảm bảo chất lượng tại chính thưng hiệu sản xuất sản phẩm.\r\nNgoài ra, sản phẩm máy lọc không khí Samsung còn được bán với nhiều giá ưu đãi trên các sàn thương mại điện tử như Tiki, Shopee, Lazada. Từ đó, giúp bạn dễ dàng lựa chọn giá phù hợp cùng nhiều feadback có tâm trên các gian bán hàng trên sàn thương mại đó.\r\nNhìn chung, máy lọc không khí Samsung AX40R3020WU là một trong những dòng sản phẩm có được chất lượng tuyệt vời dành cho người sử dụng trong phân khúc giá tầm trung. Mong rằng, qua những thông tin trên sẽ giúp bạn đưa ra quyết định có nên sử dụng máy lọc không khí SamSung AX40R3020WU/SV để bảo vệ sức khỏe gia đình mình hay không nhé.\r\n', 'https://bizweb.dktcdn.net/100/386/618/products/may-loc-khong-khi-samsung-ax40r3020wu-sv-1.png?v=1681635209903', '2024-05-14 17:38:48');
INSERT INTO `review` (`id`, `category_id`, `user_id`, `title`, `content`, `image`, `created_at`) VALUES
(10, 5, 1, '[Review] Máy đánh trứng Philips 6610 tốt không? Giá bao nhiêu?', '1. Đôi nét về thương hiệu máy đánh trứng Philips\r\nRất nhiều bạn vẫn đang rất thắc mắc máy đánh trứng Philips là thương hiệu nào? Nó đến từ đâu? Hãy cùng Phong Reviews tìm hiểu nhé!\r\nPhilips là thương hiệu chuyên sản xuất đồ gia dụng nổi tiếng của Hà Lan được thành lập vào năm 1981. Trong nhiều năm qua, đã không ngừng phát triển, nâng cao và cải tiến về công nghệ, hiện nay, các sản phẩm của Philips đã có mặt ở nhiều quốc gia trên thế giới.\r\nĐược bán tại thị trường Việt Nam vào năm 2012, ngoài máy đánh trứng, còn có các sản phẩm khác như máy xay sinh tố, máy ép trái cây, nồi cơm điện,… đều được người tiêu dùng Việt Nam tin tưởng sử dụng bởi chất lượng, độ bền cao cùng giá cả vô cùng hợp lý.\r\n2. Review chi tiết máy đánh trứng Philips 6610 có tốt không?\r\nCâu hỏi được nhiều người quan tâm nhất hiện nay là máy đánh trứng Philips 6610 có tốt không? Để trả lời câu hỏi này,hãy cùng Phong Reviews tìm hiểu xem máy đánh trứng Philips 6610 ngay dưới đây nhé.\r\n2.1. Cấu tạo, thiết kế của máy đánh trứng Philips 6610\r\nMáy đánh trứng Philips 6610 là dạng máy đánh trứng cầm tay. Máy đánh trứng Philips 6610 có thiết kế gọn nhẹ, dễ dùng, có cấu tạo gồm 2 que trộn, 2 móc nhào giúp đánh trứng, bột, kem nhanh chóng.\r\nVỏ máy đánh trứng được làm bằng nhựa ABS, chống va đập rất tốt. Công suất đạt được là 180W có thể đáp ứng những khách hàng có nhu cầu sử dụng thấp.\r\nThương hiệu Philips đã tích hợp nhiều cấp độ cho máy đánh trứng của hãng, nhờ đó người dùng có thể lựa chọn được tốc độ phù hợp với mọi nhu cầu. Máy đánh trứng Philips 6610 được người tiêu dùng đánh giá là rất bền, có tuổi thọ cao.\r\n2.2. Máy đánh trứng Philips có những tính năng gì?\r\nMáy đánh trứng Philips 6610 dạng cầm tay có thiết kế đơn giản, kích thước nhỏ gọn, trọng lượng nhẹ khiến việc điều khiển và vệ sinh máy cũng như bảo quản là rất dễ.\r\nVới những gia đình ít thành viên, nhu cầu làm bánh không nhiều thì loại máy đánh trứng này là sự lựa chọn vô cùng hoàn hảo.\r\nNgoài việc có thể đánh trứng một cách mềm, mịn, nhuyễn, máy còn được tích hợp nhiều chức năng khác như nhào bột, đánh kem, trộn đều nhiều loại thực phẩm với nhau và tất cả các nguyên liệu thuộc chất lỏng.\r\n3. Đánh giá ưu, nhược điểm của máy đánh trứng Philips 6610\r\nChúng ta hãy cùng điểm qua những ưu nhược điểm của máy đánh trứng Philips 6610 nhé!\r\nƯu điểm\r\nMáy đánh trứng của thương hiệu Philips được thiết kế với kiểu dáng hiện đại, dễ dàng sử dụng, màu sắc đơn giản, trang nhã, thích hợp với mọi không gian bếp. Có các màu sắc như đen, trắng hoặc xám, bạn có thể lựa chọn để điểm xuyết cho căn bếp của mình.\r\nMáy đánh trứng Philips 6601 được làm từ các chất liệu cao cấp như nhựa và Inox cao cấp nên có độ bền cao, không độc hại, an toàn cho sức khỏe người dùng bởi Inox không gỉ và nhựa cứng rất khó vỡ dù có xảy ra va chạm.\r\nĐược trang bị 7 tốc độ đánh nhanh/ chậm khác nhau để đáp ứng tùy theo nhu cầu cầu của người dùng. Bạn có thể chọn các tốc độ đánh trứng như mịn, bông, xốp… theo sở thích của bạn.\r\nNgoài các công dụng chính của máy thì nó còn có thể dùng trộn bột làm bánh, làm chà bông, làm sốt dầu trứng, làm các loại bánh như bánh flan, bánh sữa chua…\r\nMột điểm đáng kể của loại máy đánh trứng Philips 6610 đó là không gây ra tiếng ồn lớn.\r\nĐồng thời, máy không bị rung lắc mạnh khi sử dụng, giúp chúng ta có thể dễ dàng kiểm soát tốc độ của máy.\r\nTrọng lượng nhẹ chỉ 0,8kg, sử dụng máy trong thời gian dài bạn vẫn không hề có cảm giác mỏi.\r\nNhược điểm\r\nCông suất nhỏ, nên sẽ tốn thời gian hơn. Với những người mới chưa quen các thao tác khi sử dụng đôi khi sẽ gặp một chút khó khăn.\r\nSử dụng lâu động cơ của máy sẽ bị nóng. Vì thế bạn không nên để máy hoạt động liên tục, chỉ nên bật khoảng 2-3 phút sau đó lại để máy nghỉ 1 lát.\r\n4. Máy đánh trứng Philips 6610 giá bao nhiêu? Mua ở đâu?\r\nTại thời điểm này, giá bán máy đánh trứng của hãng dao động từ 569.000 đến 2.000.000 VND tùy dòng máy. Riêng máy đánh trứng Philips 6610 sẽ có mức giá dao động từ khoảng 100.000đ đến 300.000đ tuỳ theo nơi cung cấp sản phẩm.\r\nHiện nay, máy đánh trứng Philips 6610 chính hãng đang có mặt tại các cửa hàng điện máy trên toàn quốc như Điện Máy Chợ lớn, Điện máy Xanh, Nguyễn Kim… Ngoài ra, các sản phẩm chính hãng của Philips đều có mặt trên các sàn thương mại điện tử như Tiki, Lazada, Shopee…\r\n\r\n\r\n', 'https://th.bing.com/th/id/R.14df38af956eb4bb5d7b57a9906b52f3?rik=PRCB2c3ams5WhQ&riu=http%3a%2f%2fshophoitu.com%2fpublic%2fmedia%2fmedia%2fpicture%2fmay-danh-trung-cam-tay-philips6610-17.jpg&ehk=sJiHz6SYjZUo9Xm9uz7FAKvcyW3F28k6dAoeXCTQOBw%3d&risl=&pid=ImgRaw&r=0', '2024-05-14 17:38:48'),
(15, 2, 3, 'Top 8 Tẩy tế bào chết cho da mụn nào an toàn, hiệu quả được yêu thích nhất', '1. Tẩy tế bào chết cho da mụn Paula’s Choice Skin Perfecting 2% BHA\r\nTẩy da chết Paula’s Choice Skin Perfecting 2% BHA là sản phẩm được đánh giá rất cao khi chứa thành phần chính là BHA. Có khả năng hòa tan dầu nhờn, phá vỡ các lớp sừng cứng đầu bám dính trên bề mặt của da, để từ đó giúp tái tạo tế bào da mới một cách hiệu quả. Giúp cho lỗ chân lông của da được trở nên thông thoáng, hạn chế tình trạng bít tắc gây hình thành lên nhân mụn.\r\n2. Tẩy tế bào chết Eucerin Proacne Scrub cho làn da mụn\r\nEucerin Proacne Scrub là sản phẩm tẩy tế bào chết được đặc chế dưới dạng gel lỏng nhẹ. Cho nên dễ dàng thẩm thấu và đánh bật lớp bã nhờn và bụi bẩn ẩn nấp tận sâu bên trong lỗ chân lông tốt. Dòng sản phẩm tẩy tế bào chết này còn nổi tiếng với khả năng chăm sóc da mặt chuyên sâu. Có khả năng trị mụn cho da, tẩy da chết toàn nhẹ dịu mà không gây cảm giác khô hay kích ứng.', 'https://cdn.chanhtuoi.com/uploads/2024/03/tay-te-bao-chet-eucerin.jpg.webp', '2024-05-21 02:20:00'),
(16, 2, 2, 'Top 5 kem chống nắng cho da nhạy cảm tốt nhất', '1. Kem chống nắng cho da nhạy cảm La Roche-PosayĐược đánh giá cao là lựa chọn hoàn hảo cho việc bảo vệ da toàn diện, đặc biệt là cho những phụ nữ có làn da dầu nhạy cảm. La Roche-Posay Anthelios XL Dry Touch GelCream SPF 50+ có kết cấu kem lỏng thấm nhanh, mang lại cảm giác nhẹ nhàng, không tạo cảm giác bí bách hay nặng trên da.Với chỉ số chống nắng cao SPF50+, đây không chỉ là một sản phẩm chăm sóc da hàng ngày mà còn được coi là trợ thủ đắc lực không thể thiếu trong bộ sưu tập làm đẹp của phụ nữ trong mùa hè.', 'https://cdn.chanhtuoi.com/uploads/2023/12/kem-chong-nang-cho-da-nhay-cam-6.jpg.webp', '2024-05-19 00:21:00'),
(17, 3, 4, 'Top 5 Ghế massage Shika loại nào tốt nhất nên dùng hiện nay', 'Giới thiệu thương hiệu ghế massage Shika\r\nThực tế, Shika & Kaitashi là thương hiệu lâu đời của Nhật Bản, chuyên sản xuất các thiết bị chăm sóc sức khỏe và hàng gia dụng nhà bếp. Hiện nay, Shika có nhà máy sản xuất tại Hakui, Ishikawa, Nhật Bản.\r\nBên cạnh đó, Shika Việt Nam là đơn vị phân phối trực tiếp các sản phẩm của thương hiệu không qua bất cứ khâu trung gian nào. Trong đó, ghế massage Shika được nhập khẩu từ nhà máy của Nhật về Việt Nam và giao cho khách hàng. Đây cũng chính là một trong những nguyên nhân giúp người tiêu dùng Việt yên tâm hơn về chất lượng sản phẩm.', 'https://encrypted-tbn0.gstatic.com/images?q=tbn:ANd9GcQboo5yYyQrm9HIyBcF5DImyiUsdY05mLEjDw&s', '2024-05-23 00:28:00'),
(18, 5, 3, 'Review Top quạt phun sương mini giá rẻ, tiện dụng 2024', 'Quạt phun sương mini đang trở thành giải pháp lý tưởng cho những ngày hè oi bức, mang đến cảm giác mát mẻ và dễ chịu một cách nhanh chóng và tiện lợi. Với thiết kế nhỏ gọn, dễ dàng di chuyển, đây không chỉ phù hợp cho không gian nhà ở mà còn tiện dụng trong văn phòng, xe hơi, hay khi đi du lịch. Đặc biệt, giá thành phải chăng và tính năng đa dạng khiến quạt phun sương trở thành lựa chọn ưu việt cho mọi người.', 'https://cdn.chanhtuoi.com/uploads/2024/05/quat-phun-suong-mini-de-ban-q7.jpg.webp', '2024-05-17 00:28:00'),
(19, 5, 4, 'Review Top 5 máy sấy đũa, thìa khử khuẩn tốt, đáng mua nhất', 'Máy sấy đũa là thiết bị cần thiết đối với gia đình Việt vì đũa là dụng cụ không thể thiếu trong mỗi bữa ăn. Do đó, đũa phải sạch để đảm bảo an toàn cho người dùng. Nhưng tại Việt Nam, khí hậu nhiệt đới gió mùa, mưa nắng, nồm ẩm quanh năm, đũa gỗ, đũa tre rất dễ bị mốc, chứa nhiều nguy cơ tiềm ẩn tới sức khoẻ.  Vậy nên mua máy sấy khô đũa nào? Mua ở đâu? Hãy tham khảo bài viết này nhé!', 'https://cdn.chanhtuoi.com/uploads/2023/02/may-say-dua-06-1677071500.jpeg.webp', '2024-05-15 00:28:00'),
(20, 4, 3, 'Review Top 6 các loại bỉm cho bé tốt nhất được tin dùng 2024', 'Khả năng thấm hútTiêu chí hàng đầu khi lựa chọn bỉm cho bé là ưu tiên những loại có khả năng thấm hút xuất sắc. Làn da của trẻ, đặc biệt là trẻ sơ sinh, rất nhạy cảm và dễ bị kích ứng. Vì thế, khả năng thấm hút cao sẽ tạo cảm giác thoải mái, giúp tránh khỏi tình trạng da em bé bị kích ứng và khó chịu khi mang bỉm, đồng thời giảm nguy cơ bị tràn, giữ cho vùng da dưới tã luôn sạch sẽ và khô ráo.(adsbygoogle = window.adsbygoogle || []).push({});Cha mẹ nên ưu tiên lựa chọn sản phẩm với thiết kế bề mặt gợn sóng, giúp da bé ít tiếp xúc với chất thải, duy trì tình trạng thoáng khí cho bề mặt tã.', 'https://cdn.chanhtuoi.com/uploads/2016/05/5-loai-ta-nao-tot-nhat-duoc-cac-tin-dung-cho-be-4.jpg.webp', '2024-05-18 03:26:00'),
(21, 4, 3, 'Review Top 15 bình uống nước cho bé tốt nhất mẹ nên mua', '1. Bình nước 360 độ B.Box cho bé tập uống nướcThyêm một gợi ý bình uống nước cho bé của hãng B.Box mà ba mẹ có thể cân nhắc chọn mua cho bé chính là bình nước 360 độ 240ml. Bình nước có rất nhiều phiên bản màu sắc khác nhau, phù hợp sử dụng cho bé yêu giai đoạn từ 6 tháng tuổi trở lên.', 'https://cdn.chanhtuoi.com/uploads/2023/08/binh-uong-nuoc-cho-be-16.jpg.webp', '2024-05-23 04:27:00'),
(22, 3, 1, 'Top 6 Dụng cụ tập Yoga giá rẻ thiết yếu nhất mà bạn nên biết', 'Sở hữu vóc dáng thon thả, yêu kiều luôn là mơ ước của tất cả các chị em phụ nữ chúng ta. Hiện nay có rất nhiều phương pháp giúp bạn có một thân hình đẹp và quyến rũ như: ăn kiêng, tập gym, nhảy erobic, chơi thể thao,….những phương pháp được nhiều chị em lựa chọn và theo lựa chọn chính là bộ môn Yoga. Đến với bộ môn này bạn không những đạt được thân hình mong muốn mà bạn còn có một sức khỏe tốt, được thư giãn và xả stress sau ngày làm việc căng thẳng, mệt mỏi. Khi theo đuổi bộ môn này bạn không thể không sắm cho mình những dụng cụ tập yoga để hỗ trợ chúng ta đạt hiệu quả tốt hơn trong mỗi bài tập. Bài viết dưới đây chúng mình sẽ giới thiệu cho các bạn top 6 dụng cụ tập yoga thiết yếu nhất mà bạn nên sở hữu.', 'https://phongreviews.com/wp-content/uploads/2022/06/dung-cu-tap-yoga-1.jpg', '2024-05-23 04:33:00');

-- --------------------------------------------------------

--
-- Cấu trúc bảng cho bảng `user`
--

CREATE TABLE `user` (
  `id` int(11) NOT NULL,
  `username` varchar(50) NOT NULL,
  `email` varchar(50) NOT NULL,
  `pass` varchar(20) NOT NULL,
  `role` tinyint(1) NOT NULL,
  `created` datetime NOT NULL
) ENGINE=InnoDB DEFAULT CHARSET=utf8mb4 COLLATE=utf8mb4_general_ci;

--
-- Đang đổ dữ liệu cho bảng `user`
--

INSERT INTO `user` (`id`, `username`, `email`, `pass`, `role`, `created`) VALUES
(1, 'adminprodviews', 'admin@gmail.com', '123456789', 1, '2024-05-14 05:06:20'),
(2, 'baongoc', 'user1@gmail.com', '987654321', 0, '2024-05-14 05:08:00'),
(3, 'dinhnhan', 'user2@gmail.com', '66668888', 0, '2024-05-14 17:05:48'),
(4, 'kieuoanhchtq136', 'oanh@gmail.com', '123456', 0, '2024-05-17 18:49:42'),
(5, 'CTV01', 'user3@gmail.com', '12345', 0, '2024-05-21 15:18:13');

--
-- Chỉ mục cho các bảng đã đổ
--

--
-- Chỉ mục cho bảng `category`
--
ALTER TABLE `category`
  ADD PRIMARY KEY (`id`);

--
-- Chỉ mục cho bảng `comment`
--
ALTER TABLE `comment`
  ADD PRIMARY KEY (`id`),
  ADD KEY `Test2` (`id_bai_review`);

--
-- Chỉ mục cho bảng `review`
--
ALTER TABLE `review`
  ADD PRIMARY KEY (`id`),
  ADD KEY `Test` (`category_id`),
  ADD KEY `Test1` (`user_id`);

--
-- Chỉ mục cho bảng `user`
--
ALTER TABLE `user`
  ADD PRIMARY KEY (`id`);

--
-- AUTO_INCREMENT cho các bảng đã đổ
--

--
-- AUTO_INCREMENT cho bảng `category`
--
ALTER TABLE `category`
  MODIFY `id` int(11) NOT NULL AUTO_INCREMENT, AUTO_INCREMENT=9;

--
-- AUTO_INCREMENT cho bảng `comment`
--
ALTER TABLE `comment`
  MODIFY `id` int(11) NOT NULL AUTO_INCREMENT, AUTO_INCREMENT=27;

--
-- AUTO_INCREMENT cho bảng `review`
--
ALTER TABLE `review`
  MODIFY `id` int(11) NOT NULL AUTO_INCREMENT, AUTO_INCREMENT=23;

--
-- AUTO_INCREMENT cho bảng `user`
--
ALTER TABLE `user`
  MODIFY `id` int(11) NOT NULL AUTO_INCREMENT, AUTO_INCREMENT=6;

--
-- Các ràng buộc cho các bảng đã đổ
--

--
-- Các ràng buộc cho bảng `comment`
--
ALTER TABLE `comment`
  ADD CONSTRAINT `Test2` FOREIGN KEY (`id_bai_review`) REFERENCES `review` (`id`);

--
-- Các ràng buộc cho bảng `review`
--
ALTER TABLE `review`
  ADD CONSTRAINT `Test` FOREIGN KEY (`category_id`) REFERENCES `category` (`id`),
  ADD CONSTRAINT `Test1` FOREIGN KEY (`user_id`) REFERENCES `user` (`id`);
COMMIT;

/*!40101 SET CHARACTER_SET_CLIENT=@OLD_CHARACTER_SET_CLIENT */;
/*!40101 SET CHARACTER_SET_RESULTS=@OLD_CHARACTER_SET_RESULTS */;
/*!40101 SET COLLATION_CONNECTION=@OLD_COLLATION_CONNECTION */;
